"id","name","birthday","email"
1,"John Doe","1990-05-15","john.doe@example.com"
2,"Jane Smith","1985-09-20","jane.smith@example.com"
3,"Michael Johnson","1988-07-10","michael.johnson@example.com"
4,"Emily Brown","1992-03-25","emily.brown@example.com"
5,"David Wilson","1983-11-05","david.wilson@example.com"
6,"Sarah Taylor","1995-02-18","sarah.taylor@example.com"
7,"James Martinez","1987-06-30","james.martinez@example.com"
8,"Jennifer Anderson","1990-08-12","jennifer.anderson@example.com"
9,"Daniel Thomas","1989-04-17","daniel.thomas@example.com"
10,"Jessica Jackson","1984-10-28","jessica.jackson@example.com"
11,"Matthew White","1993-12-07","matthew.white@example.com"
12,"Elizabeth Harris","1986-01-22","elizabeth.harris@example.com"
13,"Christopher Martin","1991-07-04","christopher.martin@example.com"
14,"Amanda Thompson","1982-09-16","amanda.thompson@example.com"
15,"Andrew Garcia","1988-03-29","andrew.garcia@example.com"
16,"Ashley Martinez","1994-05-14","ashley.martinez@example.com"
17,"Justin Robinson","1985-08-07","justin.robinson@example.com"
18,"Lauren Lewis","1990-11-20","lauren.lewis@example.com"
19,"Ryan Walker","1987-01-03","ryan.walker@example.com"
20,"Stephanie Hall","1989-06-15","stephanie.hall@example.com"
21,"Brandon Young","1984-12-28","brandon.young@example.com"
22,"Megan King","1991-02-10","megan.king@example.com"
23,"Joshua Hernandez","1986-04-23","joshua.hernandez@example.com"
24,"Nicole King","1993-09-06","nicole.king@example.com"
25,"Samuel Allen","1988-11-19","samuel.allen@example.com"
26,"Heather Wright","1983-05-02","heather.wright@example.com"
27,"Robert Clark","1992-07-15","robert.clark@example.com"
28,"Melissa Scott","1985-10-30","melissa.scott@example.com"
29,"William Gonzalez","1990-12-13","william.gonzalez@example.com"
30,"Kelly Green","1987-02-25","kelly.green@example.com"
31,"Emily Lee","1984-06-08","emily.lee@example.com"
32,"Tyler Perez","1991-08-21","tyler.perez@example.com"
33,"Rachel Baker","1986-03-04","rachel.baker@example.com"
34,"Kevin Hall","1993-05-17","kevin.hall@example.com"
35,"Michelle Nelson","1988-09-30","michelle.nelson@example.com"
36,"John Adams","1983-11-12","john.adams@example.com"
37,"Samantha Carter","1992-01-25","samantha.carter@example.com"
38,"David Diaz","1987-04-08","david.diaz@example.com"
39,"Laura Evans","1990-06-19","laura.evans@example.com"
40,"Christopher Rodriguez","1985-10-02","christopher.rodriguez@example.com"
41,"Rebecca Collins","1993-12-15","rebecca.collins@example.com"
42,"Brian Wood","1988-02-28","brian.wood@example.com"
43,"Amy Murphy","1984-05-11","amy.murphy@example.com"
44,"Jason Stewart","1991-07-24","jason.stewart@example.com"
45,"Kimberly Rivera","1986-09-06","kimberly.rivera@example.com"
46,"Cleo","1973-06-06","cbarday19@thetimes.co.uk"
47,"Britta","1940-01-26","bbaulk1a@google.co.jp"
48,"Alwyn","1962-05-19","afouracres1b@buzzfeed.com"
49,"Cameron","2004-08-11","cfone1c@imgur.com"
50,"Melinde","2004-12-02","mhuxstep1d@nba.com"
